"Type of data";"Periods";"Expenditure approach to GDP/Disposable for final expenditure/Total (million euros)";"Expenditure approach to GDP/Disposable for final expenditure/Gross domestic product (million euros)";"Expenditure approach to GDP/Disposable for final expenditure/Imports of goods and services/Total (million euros)";"Expenditure approach to GDP/Disposable for final expenditure/Imports of goods and services/Imports of goods (million euros)";"Expenditure approach to GDP/Disposable for final expenditure/Imports of goods and services/Imports of services (million euros)";"Expenditure approach to GDP/Final expenditure/Total (million euros)";"Expenditure approach to GDP/Final expenditure/National final expenditure/Total (million euros)";"Expenditure approach to GDP/Final expenditure/National final expenditure/Final consumption expenditure/Total (million euros)";"Expenditure approach to GDP/Final expenditure/National final expenditure/Final consumption expenditure/Households including NPISHs (million euros)";"Expenditure approach to GDP/Final expenditure/National final expenditure/Final consumption expenditure/General government (million euros)";"Expenditure approach to GDP/Final expenditure/National final expenditure/Gross fixed capital formation/Total (million euros)";"Expenditure approach to GDP/Final expenditure/National final expenditure/Gross fixed capital formation/Enterprises and households (million euros)";"Expenditure approach to GDP/Final expenditure/National final expenditure/Gross fixed capital formation/General government (million euros)";"Expenditure approach to GDP/Final expenditure/National final expenditure/Changes in inventories incl. valuables (million euros)";"Expenditure approach to GDP/Final expenditure/Exports of goods and services/Total (million euros)";"Expenditure approach to GDP/Final expenditure/Exports of goods and services/Exports of goods (million euros)";"Expenditure approach to GDP/Final expenditure/Exports of goods and services/Exports of services (million euros)"
"Prices of 2015";"1995 1st quarter";"  161241";"  116638";"   46462";"   35506";"   10547";"  161241";"  106146";"   85042";"   57096";"   28035";"   21525";"   17760";"    3683";"    -266";"   56007";"   43846";"   11790"
"Prices of 2015";"1995 2nd quarter";"  164687";"  116624";"   49419";"   35624";"   12796";"  164687";"  109263";"   86841";"   57519";"   29418";"   24128";"   19911";"    4164";"   -1753";"   56397";"   43170";"   12867"
"Prices of 2015";"1995 3rd quarter";"  159766";"  114315";"   47036";"   33141";"   13732";"  159766";"  107405";"   85511";"   58757";"   26788";"   20393";"   16585";"    3794";"    1498";"   53887";"   39934";"   13806"
"Prices of 2015";"1995 4th quarter";"  169886";"  121939";"   49888";"   35513";"   14133";"  169886";"  114964";"   86983";"   57947";"   28996";"   25294";"   20081";"    5196";"    2448";"   57007";"   42203";"   14699"
"Prices of 2015";"1995";"  655525";"  469502";"  192815";"  139776";"   51285";"  655525";"  437744";"  344372";"  231328";"  113245";"   91511";"   74543";"   16828";"    1936";"  223221";"  169054";"   53175"
"Prices of 2015";"1996 1st quarter";"  166848";"  119460";"   49057";"   37299";"   11379";"  166848";"  109096";"   87623";"   60108";"   27538";"   21519";"   17884";"    3546";"     136";"   58588";"   45613";"   12627"
"Prices of 2015";"1996 2nd quarter";"  170353";"  121240";"   50619";"   36038";"   13664";"  170353";"  115095";"   89320";"   60382";"   28951";"   25557";"   20925";"    4588";"     -23";"   56613";"   42634";"   13741"
"Prices of 2015";"1996 3rd quarter";"  167541";"  118805";"   50211";"   35743";"   14202";"  167541";"  112207";"   87852";"   61318";"   26493";"   22808";"   18437";"    4357";"    1419";"   56860";"   41922";"   14820"
"Prices of 2015";"1996 4th quarter";"  177729";"  126417";"   53110";"   37867";"   14967";"  177729";"  119258";"   89898";"   60910";"   28850";"   27631";"   21934";"    5679";"    1463";"   60465";"   44541";"   15860"
"Prices of 2015";"1996";"  682437";"  485928";"  203043";"  146963";"   54294";"  682437";"  455608";"  354685";"  242724";"  111836";"   97679";"   79384";"   18156";"    2982";"  232474";"  174636";"   57060"
"Prices of 2015";"1997 1st quarter";"  175461";"  124032";"   52860";"   39856";"   12685";"  175461";"  114674";"   90917";"   62506";"   28428";"   24610";"   20736";"    3757";"    -809";"   61658";"   47452";"   13927"
"Prices of 2015";"1997 2nd quarter";"  182683";"  126411";"   57283";"   40569";"   15723";"  182683";"  120570";"   92913";"   63114";"   29791";"   27420";"   22762";"    4585";"     -60";"   63098";"   47505";"   15330"
"Prices of 2015";"1997 3rd quarter";"  179406";"  123968";"   56455";"   39945";"   16268";"  179406";"  117381";"   91277";"   63866";"   27355";"   23889";"   19441";"    4430";"    2026";"   63189";"   46334";"   16767"
"Prices of 2015";"1997 4th quarter";"  189728";"  132540";"   58625";"   41142";"   17359";"  189728";"  124294";"   93345";"   63366";"   29823";"   27791";"   22253";"    5502";"    2828";"   67015";"   48879";"   18170"
"Prices of 2015";"1997";"  727252";"  506964";"  225226";"  161495";"   62132";"  727252";"  476873";"  368446";"  252860";"  115399";"  103906";"   85426";"   18272";"    3970";"  254970";"  190153";"   64211"
"Prices of 2015";"1998 1st quarter";"  188953";"  131237";"   58803";"   44049";"   14478";"  188953";"  123436";"   94872";"   65367";"   29513";"   26969";"   22671";"    4174";"    1371";"   66448";"   51115";"   15036"
"Prices of 2015";"1998 2nd quarter";"  192411";"  132221";"   61108";"   42920";"   17213";"  192411";"  126002";"   97654";"   66593";"   31031";"   27989";"   23285";"    4625";"      95";"   67280";"   50515";"   16509"
"Prices of 2015";"1998 3rd quarter";"  189196";"  129073";"   60923";"   42876";"   17839";"  189196";"  123811";"   96415";"   67813";"   28512";"   25894";"   21415";"    4449";"    1326";"   66616";"   49167";"   17303"
"Prices of 2015";"1998 4th quarter";"  200026";"  138087";"   63141";"   44589";"   18342";"  200026";"  129737";"   98430";"   67265";"   30955";"   29875";"   24143";"    5668";"    1209";"   71710";"   52800";"   18839"
"Prices of 2015";"1998";"  770542";"  530609";"  244009";"  174438";"   67973";"  770542";"  502965";"  387375";"  267063";"  120015";"  110935";"   91755";"   18917";"    3971";"  272050";"  203584";"   67696"
"Prices of 2015";"1999 1st quarter";"  198828";"  136954";"   62844";"   46684";"   15949";"  198828";"  127753";"   99976";"   69804";"   30126";"   29318";"   24580";"    4606";"   -1687";"   71794";"   55065";"   16427"
"Prices of 2015";"1999 2nd quarter";"  204473";"  138371";"   66827";"   46375";"   19482";"  204473";"  132136";"  102538";"   70824";"   31617";"   30624";"   25338";"    5212";"   -1281";"   73006";"   54681";"   18064"
"Prices of 2015";"1999 3rd quarter";"  201961";"  135498";"   67034";"   47043";"   19787";"  201961";"  131092";"  100773";"   71564";"   29057";"   28388";"   23197";"    5168";"    1656";"   72022";"   52997";"   18886"
"Prices of 2015";"1999 4th quarter";"  216783";"  146497";"   71117";"   49995";"   20935";"  216783";"  138227";"  102866";"   70767";"   31831";"   33457";"   27095";"    6284";"    1516";"   79720";"   58449";"   21232"
"Prices of 2015";"1999";"  822040";"  557320";"  267880";"  190126";"   76269";"  822040";"  529173";"  406152";"  282971";"  122630";"  122013";"  100479";"   21279";"     197";"  296569";"  221210";"   74615"
"Prices of 2015";"2000 1st quarter";"  214372";"  144195";"   70750";"   53129";"   17285";"  214372";"  133635";"  104363";"   73346";"   30945";"   30378";"   25371";"    4878";"   -1327";"   81133";"   63085";"   17638"
"Prices of 2015";"2000 2nd quarter";"  220050";"  145137";"   75314";"   53173";"   20929";"  220050";"  138514";"  106225";"   73340";"   32786";"   32456";"   27073";"    5287";"    -505";"   81841";"   62045";"   19433"
"Prices of 2015";"2000 3rd quarter";"  213789";"  140451";"   73629";"   52423";"   20878";"  213789";"  133113";"  103878";"   73638";"   30092";"   28559";"   23513";"    5017";"     505";"   81209";"   60942";"   20011"
"Prices of 2015";"2000 4th quarter";"  228835";"  150941";"   78292";"   55443";"   22575";"  228835";"  140066";"  106155";"   73022";"   32856";"   33235";"   26303";"    6930";"     419";"   89227";"   66527";"   22516"
"Prices of 2015";"2000";"  877007";"  580703";"  298036";"  214187";"   81790";"  877007";"  545313";"  420607";"  293337";"  126680";"  124865";"  102532";"   22096";"    -915";"  333430";"  252613";"   79602"
"Prices of 2015";"2001 1st quarter";"  223983";"  148200";"   76008";"   56642";"   19100";"  223983";"  138377";"  107047";"   74584";"   32414";"   30843";"   25451";"    5290";"     179";"   85874";"   66873";"   18557"
"Prices of 2015";"2001 2nd quarter";"  226880";"  149408";"   77855";"   54218";"   22517";"  226880";"  142814";"  109432";"   74993";"   34365";"   33074";"   27348";"    5647";"     -48";"   84380";"   63503";"   20560"
"Prices of 2015";"2001 3rd quarter";"  218894";"  143558";"   75601";"   53399";"   21945";"  218894";"  137535";"  106386";"   74965";"   31298";"   28756";"   23275";"    5458";"    2139";"   82078";"   60974";"   20912"
"Prices of 2015";"2001 4th quarter";"  228229";"  153077";"   75919";"   53142";"   22645";"  228229";"  143086";"  109350";"   74798";"   34301";"   33563";"   26418";"    7161";"     -22";"   86099";"   63319";"   22734"
"Prices of 2015";"2001";"  897893";"  594216";"  305408";"  217386";"   86332";"  897893";"  561802";"  432203";"  299335";"  132381";"  126475";"  102768";"   23553";"    2259";"  338341";"  254554";"   82773"
"Prices of 2015";"2002 1st quarter";"  221644";"  148325";"   73719";"   54189";"   19398";"  221644";"  138237";"  109219";"   75657";"   33528";"   30470";"   24642";"    5773";"   -1598";"   83792";"   64648";"   18763"
"Prices of 2015";"2002 2nd quarter";"  227510";"  149889";"   78011";"   54097";"   22823";"  227510";"  143168";"  112096";"   75945";"   36108";"   32011";"   25745";"    6251";"   -1157";"   84653";"   63570";"   20779"
"Prices of 2015";"2002 3rd quarter";"  220410";"  144446";"   76222";"   53375";"   22650";"  220410";"  137434";"  108716";"   75889";"   32737";"   27872";"   21793";"    6073";"     741";"   83578";"   62370";"   20989"
"Prices of 2015";"2002 4th quarter";"  230552";"  152870";"   78277";"   54750";"   23398";"  230552";"  142777";"  111317";"   75338";"   35777";"   30720";"   23340";"    7484";"     672";"   88524";"   65497";"   22929"
"Prices of 2015";"2002";"  900052";"  595507";"  306267";"  216413";"   88399";"  900052";"  561605";"  441338";"  302819";"  138157";"  121321";"   95791";"   25591";"   -1330";"  340530";"  256056";"   83469"
"Prices of 2015";"2003 1st quarter";"  224440";"  149303";"   75502";"   56119";"   19194";"  224440";"  138510";"  110618";"   75974";"   34621";"   28905";"   22953";"    5949";"   -1043";"   86263";"   66933";"   18928"
"Prices of 2015";"2003 2nd quarter";"  227960";"  149417";"   78916";"   55184";"   22603";"  227960";"  142840";"  112957";"   76062";"   36864";"   30919";"   24589";"    6337";"   -1195";"   85395";"   64253";"   20829"
"Prices of 2015";"2003 3rd quarter";"  220493";"  144122";"   76617";"   53929";"   22475";"  220493";"  137063";"  109230";"   75685";"   33474";"   27427";"   21094";"    6344";"     338";"   84003";"   63176";"   20595"
"Prices of 2015";"2003 4th quarter";"  234514";"  153626";"   81412";"   57760";"   23452";"  234514";"  144016";"  111909";"   74722";"   37035";"   31754";"   24446";"    7386";"     260";"   91168";"   68216";"   22801"
"Prices of 2015";"2003";"  907346";"  596434";"  312511";"  223018";"   87852";"  907346";"  562418";"  444698";"  302424";"  141995";"  119223";"   93315";"   26033";"   -1630";"  346800";"  262553";"   83153"
"Prices of 2015";"2004 1st quarter";"  227450";"  151286";"   76534";"   58255";"   18042";"  227450";"  139075";"  110513";"   76516";"   33967";"   29515";"   23439";"    6071";"   -1036";"   88707";"   69989";"   18308"
"Prices of 2015";"2004 2nd quarter";"  235619";"  152426";"   83589";"   59924";"   22459";"  235619";"  143162";"  113419";"   76548";"   36836";"   30958";"   24908";"    6036";"   -1366";"   92614";"   71426";"   20828"
"Prices of 2015";"2004 3rd quarter";"  229732";"  147419";"   82570";"   60225";"   22102";"  229732";"  137926";"  109860";"   76476";"   33304";"   27282";"   21519";"    5757";"     724";"   92225";"   71418";"   20564"
"Prices of 2015";"2004 4th quarter";"  246279";"  157166";"   89615";"   63795";"   25595";"  246279";"  145082";"  112572";"   75201";"   37218";"   31479";"   24739";"    6770";"     937";"  101626";"   76216";"   25235"
"Prices of 2015";"2004";"  939065";"  608273";"  332406";"  242225";"   88345";"  939065";"  565232";"  446353";"  304722";"  141323";"  119466";"   94846";"   24644";"    -748";"  375282";"  289126";"   84923"
"Prices of 2015";"2005 1st quarter";"  233945";"  152604";"   81675";"   61653";"   19786";"  233945";"  138704";"  110210";"   76153";"   34028";"   29438";"   23648";"    5751";"   -1054";"   95577";"   74929";"   20200"
"Prices of 2015";"2005 2nd quarter";"  244804";"  155847";"   89379";"   63937";"   24153";"  244804";"  145358";"  114171";"   77176";"   36960";"   32212";"   26242";"    5928";"   -1217";"   99536";"   76625";"   22525"
"Prices of 2015";"2005 3rd quarter";"  238236";"  151292";"   87210";"   63563";"   23391";"  238236";"  141462";"  111849";"   77771";"   33997";"   29290";"   23498";"    5769";"     217";"   97162";"   75302";"   21605"
"Prices of 2015";"2005 4th quarter";"  252595";"  161004";"   92104";"   67161";"   24676";"  252595";"  148443";"  114607";"   76396";"   38061";"   32207";"   25530";"    6690";"    1515";"  104579";"   79665";"   24707"
"Prices of 2015";"2005";"  969567";"  620748";"  350447";"  256340";"   92155";"  969567";"  573945";"  450841";"  307495";"  143039";"  123361";"   99134";"   24153";"    -551";"  396899";"  306568";"   89028"
"Prices of 2015";"2006 1st quarter";"  247171";"  158241";"   89212";"   68333";"   20563";"  247171";"  143356";"  112986";"   76058";"   36917";"   30671";"   24510";"    6137";"    -472";"  104120";"   82193";"   21430"
"Prices of 2015";"2006 2nd quarter";"  256676";"  161466";"   95641";"   70083";"   24128";"  256676";"  150162";"  117467";"   77499";"   39953";"   33836";"   27311";"    6504";"   -1363";"  106537";"   82690";"   23415"
"Prices of 2015";"2006 3rd quarter";"  248619";"  156216";"   92667";"   68779";"   23589";"  248619";"  145627";"  114230";"   77600";"   36581";"   31283";"   25089";"    6170";"     -31";"  103309";"   80470";"   22565"
"Prices of 2015";"2006 4th quarter";"  265456";"  166313";"   99642";"   73201";"   26133";"  265456";"  154432";"  117436";"   75861";"   41512";"   35969";"   28610";"    7366";"     831";"  111396";"   86219";"   24897"
"Prices of 2015";"2006";" 1017899";"  642232";"  377257";"  280433";"   94556";" 1017899";"  593552";"  462123";"  307016";"  154949";"  131959";"  105714";"   26193";"   -1051";"  425368";"  331601";"   92298"
"Prices of 2015";"2007 1st quarter";"  257301";"  163670";"   93903";"   72254";"   21290";"  257301";"  148784";"  115368";"   77270";"   38094";"   34368";"   27936";"    6351";"   -1306";"  108823";"   86156";"   22135"
"Prices of 2015";"2007 2nd quarter";"  265915";"  166693";"   99662";"   73329";"   24826";"  265915";"  154789";"  119378";"   78402";"   40966";"   36056";"   29314";"    6700";"    -933";"  111120";"   85754";"   24940"
"Prices of 2015";"2007 3rd quarter";"  261522";"  162777";"   99001";"   74016";"   24639";"  261522";"  151889";"  117082";"   78986";"   38060";"   33389";"   27158";"    6186";"    1205";"  109916";"   85547";"   24080"
"Prices of 2015";"2007 4th quarter";"  286900";"  173321";"  114038";"   75837";"   38233";"  286900";"  169161";"  120860";"   78110";"   42684";"   47492";"   40145";"    7156";"     315";"  118261";"   91089";"   26898"
"Prices of 2015";"2007";" 1071659";"  666462";"  406732";"  295467";"  109227";" 1071659";"  624575";"  472690";"  312772";"  159791";"  151468";"  124716";"   26412";"    -734";"  448146";"  348582";"   98053"
"Prices of 2015";"2008 1st quarter";"  268228";"  169294";"   99197";"   75911";"   22946";"  268228";"  153158";"  117671";"   78487";"   39182";"   36273";"   29182";"    7045";"   -1232";"  115350";"   90273";"   24572"
"Prices of 2015";"2008 2nd quarter";"  274708";"  172251";"  102912";"   74771";"   26648";"  274708";"  160073";"  121867";"   79708";"   42153";"   39171";"   31861";"    7263";"   -1325";"  114635";"   87942";"   26284"
"Prices of 2015";"2008 3rd quarter";"  267526";"  166679";"  101111";"   75097";"   25688";"  267526";"  155442";"  119083";"   79519";"   39544";"   34862";"   28587";"    6218";"    1254";"  112375";"   86985";"   25121"
"Prices of 2015";"2008 4th quarter";"  272748";"  172713";"  100556";"   73796";"   26499";"  272748";"  160123";"  121939";"   77848";"   44058";"   36429";"   29389";"    6977";"    1583";"  113094";"   85533";"   27395"
"Prices of 2015";"2008";" 1083179";"  680926";"  403882";"  299641";"  101819";" 1083179";"  628784";"  480563";"  315556";"  164923";"  146982";"  119280";"   27504";"     299";"  455392";"  350698";"  103361"
"Prices of 2015";"2009 1st quarter";"  252904";"  162839";"   90431";"   66965";"   23405";"  252904";"  151696";"  118102";"   77286";"   40841";"   34750";"   27637";"    7094";"   -1469";"  101806";"   77578";"   23927"
"Prices of 2015";"2009 2nd quarter";"  255264";"  164243";"   91555";"   63783";"   26687";"  255264";"  155059";"  121810";"   77618";"   44204";"   35818";"   28388";"    7433";"   -2799";"  100543";"   74612";"   25753"
"Prices of 2015";"2009 3rd quarter";"  252554";"  160301";"   92599";"   66457";"   26031";"  252554";"  150263";"  119929";"   78189";"   41742";"   31265";"   24314";"    6946";"    -988";"  102740";"   78588";"   23970"
"Prices of 2015";"2009 4th quarter";"  265713";"  168581";"   97650";"   70420";"   27057";"  265713";"  155147";"  122384";"   76522";"   45865";"   32307";"   25083";"    7239";"     475";"  110977";"   84413";"   26365"
"Prices of 2015";"2009";" 1026425";"  655958";"  372353";"  267641";"  103218";" 1026425";"  612161";"  482223";"  309606";"  172641";"  134388";"  105685";"   28722";"   -4765";"  416038";"  315183";"  100006"
"Prices of 2015";"2010 1st quarter";"  257208";"  162614";"   95051";"   70770";"   24222";"  257208";"  148372";"  117653";"   76265";"   41401";"   30866";"   24205";"    6674";"    -224";"  109562";"   84822";"   24468"
"Prices of 2015";"2010 2nd quarter";"  269039";"  167428";"  102434";"   74130";"   27152";"  269039";"  158111";"  122338";"   77562";"   44778";"   33802";"   26449";"    7381";"    1833";"  111318";"   84723";"   26485"
"Prices of 2015";"2010 3rd quarter";"  263253";"  163009";"  100764";"   72650";"   27998";"  263253";"  150599";"  120728";"   78675";"   42054";"   29265";"   22732";"    6530";"     663";"  113154";"   86824";"   26140"
"Prices of 2015";"2010 4th quarter";"  276755";"  171710";"  105741";"   77597";"   27999";"  276755";"  154736";"  123436";"   77433";"   46009";"   31138";"   24173";"    6980";"     251";"  122484";"   93844";"   28442"
"Prices of 2015";"2010";" 1066248";"  664765";"  404084";"  295165";"  107399";" 1066248";"  611803";"  484157";"  309932";"  174232";"  125275";"   97775";"   27568";"    2529";"  456509";"  350219";"  105528"
"Prices of 2015";"2011 1st quarter";"  270473";"  167112";"  103758";"   77573";"   26105";"  270473";"  151469";"  118279";"   76988";"   41311";"   33504";"   26525";"    6974";"    -549";"  119696";"   93023";"   26377"
"Prices of 2015";"2011 2nd quarter";"  275610";"  170919";"  105530";"   76431";"   27909";"  275610";"  157448";"  122949";"   78111";"   44845";"   34583";"   27440";"    7146";"    -226";"  118458";"   90584";"   27758"
"Prices of 2015";"2011 3rd quarter";"  269274";"  165261";"  104525";"   75111";"   29306";"  269274";"  151194";"  120337";"   78545";"   41797";"   30323";"   23736";"    6578";"     530";"  118541";"   90694";"   27649"
"Prices of 2015";"2011 4th quarter";"  276877";"  171771";"  105802";"   76833";"   28855";"  276877";"  153968";"  122067";"   76512";"   45560";"   32777";"   26242";"    6529";"    -878";"  123362";"   93520";"   29647"
"Prices of 2015";"2011";" 1092229";"  675077";"  419728";"  305978";"  112199";" 1092229";"  614061";"  483634";"  310147";"  173508";"  131422";"  104193";"   27223";"   -1122";"  480061";"  367836";"  111424"
"Prices of 2015";"2012 1st quarter";"  269883";"  165212";"  104953";"   79015";"   25799";"  269883";"  148321";"  117492";"   76582";"   40931";"   31257";"   25218";"    6015";"    -571";"  122101";"   95049";"   26739"
"Prices of 2015";"2012 2nd quarter";"  278406";"  169966";"  109112";"   79126";"   28746";"  278406";"  155443";"  121614";"   77453";"   44171";"   33038";"   26722";"    6299";"     648";"  123053";"   93558";"   29407"
"Prices of 2015";"2012 3rd quarter";"  268548";"  163254";"  105693";"   75747";"   29859";"  268548";"  147674";"  118905";"   77688";"   41223";"   28355";"   21925";"    6425";"     447";"  121181";"   92180";"   28830"
"Prices of 2015";"2012 4th quarter";"  278222";"  169669";"  109029";"   79422";"   29467";"  278222";"  149024";"  120074";"   74896";"   45183";"   30270";"   23920";"    6350";"   -1248";"  129368";"   98471";"   30668"
"Prices of 2015";"2012";" 1095060";"  668121";"  428898";"  313344";"  113896";" 1095060";"  600448";"  478087";"  306608";"  171500";"  123135";"   98026";"   25093";"    -723";"  495705";"  379272";"  115640"
"Prices of 2015";"2013 1st quarter";"  266941";"  162340";"  104791";"   78577";"   26119";"  266941";"  142454";"  115977";"   74858";"   41119";"   28107";"   22242";"    5859";"   -1653";"  124737";"   96482";"   27993"
"Prices of 2015";"2013 2nd quarter";"  278465";"  169046";"  110020";"   79988";"   28753";"  278465";"  153010";"  120473";"   76210";"   44258";"   30781";"   24590";"    6183";"    1598";"  125382";"   95726";"   29533"
"Prices of 2015";"2013 3rd quarter";"  272487";"  163746";"  108997";"   77552";"   31428";"  272487";"  147290";"  118040";"   76812";"   41227";"   28287";"   22102";"    6180";"     973";"  125363";"   94743";"   30498"
"Prices of 2015";"2013 4th quarter";"  286421";"  172121";"  114576";"   81279";"   33420";"  286421";"  154123";"  120698";"   75774";"   44933";"   33820";"   27735";"    6084";"    -400";"  132516";"   99423";"   32991"
"Prices of 2015";"2013";" 1104276";"  667252";"  438482";"  317422";"  119755";" 1104276";"  596845";"  475187";"  303652";"  171532";"  121168";"   96839";"   24308";"     513";"  507990";"  386387";"  120995"
"Prices of 2015";"2014 1st quarter";"  273472";"  164429";"  109132";"   81188";"   27920";"  273472";"  144891";"  115954";"   74607";"   41345";"   28930";"   23170";"    5748";"     -69";"  128787";"   98427";"   30172"
"Prices of 2015";"2014 2nd quarter";"  284008";"  171484";"  113090";"   81499";"   30357";"  284008";"  152839";"  121202";"   76592";"   44605";"   30406";"   24371";"    6028";"    1078";"  130948";"   98313";"   32603"
"Prices of 2015";"2014 3rd quarter";"  278674";"  165622";"  113209";"   80597";"   32589";"  278674";"  146636";"  118645";"   77018";"   41623";"   26999";"   21078";"    5917";"    1001";"  132058";"   98114";"   33920"
"Prices of 2015";"2014 4th quarter";"  292234";"  175220";"  117271";"   84691";"   32571";"  292234";"  152952";"  121481";"   76573";"   44913";"   31723";"   25951";"    5770";"    -238";"  139316";"  103316";"   35971"
"Prices of 2015";"2014";" 1128353";"  676749";"  452806";"  327987";"  123449";" 1128353";"  597294";"  477282";"  304790";"  172488";"  118252";"   94770";"   23461";"    1773";"  531086";"  398173";"  132644"
"Prices of 2015";"2015 1st quarter";"  283088";"  167551";"  115537";"   85644";"   29893";"  283088";"  139620";"  117472";"   76060";"   41412";"   23396";"   17260";"    6136";"   -1248";"  143468";"  103396";"   40072"
"Prices of 2015";"2015 2nd quarter";"  326598";"  175063";"  151535";"   87447";"   64088";"  326598";"  187546";"  122638";"   78282";"   44356";"   63448";"   57225";"    6223";"    1460";"  139052";"  102993";"   36059"
"Prices of 2015";"2015 3rd quarter";"  292390";"  169692";"  122698";"   86968";"   35730";"  292390";"  152498";"  120461";"   78757";"   41704";"   30129";"   24119";"    6010";"    1908";"  139892";"  103096";"   36796"
"Prices of 2015";"2015 4th quarter";"  306526";"  177702";"  128824";"   92867";"   35957";"  306526";"  158585";"  122599";"   77717";"   44882";"   35560";"   29349";"    6211";"     426";"  147941";"  108888";"   39053"
"Prices of 2015";"2015";" 1208602";"  690008";"  518594";"  352926";"  165668";" 1208602";"  638249";"  483170";"  310816";"  172354";"  152533";"  127953";"   24580";"    2546";"  570353";"  418373";"  151980"
"Prices of 2015";"2016 1st quarter";"  292819";"  171133";"  121686";"   89746";"   31940";"  292819";"  151105";"  118649";"   76767";"   41882";"   34569";"   28561";"    6008";"   -2113";"  141714";"  107692";"   34022"
"Prices of 2015";"2016 2nd quarter";"  307614";"  179132";"  128482";"   94168";"   34314";"  307614";"  163040";"  123691";"   78681";"   45010";"   37303";"   31172";"    6131";"    2046";"  144574";"  108468";"   36106"
"Prices of 2015";"2016 3rd quarter";"  300289";"  173299";"  126990";"   91650";"   35340";"  300289";"  157463";"  121875";"   79669";"   42206";"   33181";"   26936";"    6245";"    2407";"  142826";"  107077";"   35749"
"Prices of 2015";"2016 4th quarter";"  312749";"  181567";"  131182";"   96512";"   34670";"  312749";"  161995";"  124761";"   79179";"   45582";"   36369";"   30006";"    6363";"     865";"  150754";"  113458";"   37296"
"Prices of 2015";"2016";" 1213471";"  705131";"  508340";"  372076";"  136264";" 1213471";"  633603";"  488976";"  314296";"  174680";"  141422";"  116675";"   24747";"    3205";"  579868";"  436695";"  143173"
"Prices of 2015";"2017 1st quarter";"  305401";"  176597";"  128879";"   95269";"   33618";"  305401";"  154684";"  120446";"   78196";"   42248";"   35905";"   29863";"    6041";"   -1670";"  150831";"  115078";"   35768"
"Prices of 2015";"2017 2nd quarter";"  318807";"  184553";"  134298";"   98033";"   36248";"  318807";"  166394";"  126090";"   80751";"   45336";"   37926";"   32001";"    5924";"    2390";"  152485";"  113499";"   38960"
"Prices of 2015";"2017 3rd quarter";"  314183";"  178213";"  136092";"   97990";"   38092";"  314183";"  161522";"  124608";"   81910";"   42697";"   35247";"   28818";"    6428";"    1666";"  152756";"  114041";"   38701"
"Prices of 2015";"2017 4th quarter";"  326693";"  186294";"  140534";"  102014";"   38460";"  326693";"  165345";"  126154";"   80137";"   46016";"   38291";"   31553";"    6739";"     891";"  161488";"  120318";"   41128"
"Prices of 2015";"2017";" 1265084";"  725657";"  539806";"  393308";"  146421";" 1265084";"  647945";"  497298";"  320994";"  176297";"  147368";"  122234";"   25132";"    3279";"  617558";"  462931";"  154559"
"Prices of 2015";"2018 1st quarter";"  318402";"  181209";"  137340";"  100700";"   36635";"  318402";"  160856";"  123576";"   80441";"   43133";"   38279";"   32241";"    6036";"    -988";"  157676";"  118807";"   38869"
"Prices of 2015";"2018 2nd quarter";"  331277";"  189583";"  141793";"  102005";"   39750";"  331277";"  171434";"  128876";"   82718";"   46156";"   40290";"   34103";"    6186";"    2296";"  159939";"  117834";"   42076"
"Prices of 2015";"2018 3rd quarter";"  323808";"  182149";"  141823";"  101102";"   40690";"  323808";"  163578";"  126630";"   83156";"   43474";"   34719";"   28303";"    6415";"    2233";"  160366";"  117655";"   42692"
"Prices of 2015";"2018 4th quarter";"  334031";"  189848";"  144336";"  105081";"   39201";"  334031";"  167893";"  128200";"   81626";"   46573";"   39361";"   32382";"    6979";"     319";"  166312";"  123069";"   43190"
"Prices of 2015";"2018";" 1307526";"  742789";"  565302";"  408894";"  156275";" 1307526";"  663776";"  507284";"  327941";"  179335";"  152653";"  127035";"   25615";"    3862";"  644301";"  477368";"  166828"
"Prices of 2015";"2019 1st quarter";"  324139";"  184532";"  139755";"  104239";"   35540";"  324139";"  165754";"  125052";"   80725";"   44321";"   39927";"   33443";"    6483";"     817";"  158462";"  118505";"   39953"
"Prices of 2015";"2019 2nd quarter";"  339590";"  193254";"  146464";"  106553";"   39884";"  339590";"  175695";"  130864";"   83556";"   47301";"   42444";"   35850";"    6593";"    2428";"  163994";"  118764";"   45196"
"Prices of 2015";"2019 3rd quarter";"  333540";"  185933";"  147817";"  107210";"   40608";"  333540";"  169848";"  128756";"   83856";"   44894";"   38448";"   31991";"    6456";"    2671";"  163803";"  119453";"   44328"
"Prices of 2015";"2019 4th quarter";"  342937";"  193596";"  149536";"  112123";"   37418";"  342937";"  172326";"  130526";"   82696";"   47824";"   41252";"   34672";"    6578";"     546";"  170791";"  126879";"   43865"
"Prices of 2015";"2019";" 1340208";"  757315";"  583579";"  430123";"  153447";" 1340208";"  683632";"  515200";"  330833";"  184338";"  162070";"  135953";"   26111";"    6464";"  657057";"  483588";"  173342"
"Prices of 2015";"2020 1st quarter";"  324187";"  183956";"  140417";"  104307";"   36112";"  324187";"  164632";"  124672";"   79700";"   44956";"   41534";"   35020";"    6510";"   -1584";"  159695";"  118701";"   40968"
"Prices of 2015";"2020 2nd quarter";"  305465";"  176152";"  129293";"   96666";"   32714";"  305465";"  161010";"  120207";"   73001";"   47135";"   39124";"   32374";"    6757";"    1704";"  144412";"  106628";"   37803"
"Prices of 2015";"2020 3rd quarter";"  320297";"  179884";"  140539";"  105699";"   35022";"  320297";"  163256";"  125911";"   79754";"   46118";"   36634";"   30052";"    6584";"     693";"  157141";"  118399";"   38813"
"Prices of 2015";"2020 4th quarter";"  333309";"  187905";"  145609";"  112783";"   33015";"  333309";"  166136";"  126420";"   77325";"   49038";"   40523";"   33079";"    7452";"    -844";"  167428";"  129613";"   37951"
"Prices of 2015";"2020";" 1283223";"  727885";"  555830";"  419414";"  136873";" 1283223";"  655061";"  497208";"  309789";"  187243";"  157828";"  130541";"   27303";"     -13";"  628597";"  473240";"  155532"
"Prices of 2015";"2021 1st quarter*";"  321262";"  181960";"  139527";"  109207";"   30925";"  321262";"  161307";"  120394";"   73920";"   46397";"   41364";"   34572";"    6798";"    -419";"  160294";"  125770";"   35063"
"Prices of 2015";"2021 2nd quarter*";"  342725";"  196983";"  145797";"  114121";"   32322";"  342725";"  175703";"  132247";"   81141";"   51046";"   42702";"   35937";"    6756";"     737";"  167460";"  128721";"   39142"
"Prices of 2015";"2021 3rd quarter*";"  344108";"  192233";"  152132";"  115320";"   37108";"  344108";"  172490";"  133050";"   85171";"   47858";"   37196";"   30690";"    6504";"    2298";"  171998";"  129298";"   42755"
"Prices of 2015";"2021 4th quarter*";"  354415";"  201793";"  152601";"  120460";"   32602";"  354415";"  175881";"  134450";"   83009";"   51400";"   41151";"   34199";"    6947";"     294";"  178890";"  138776";"   40286"
"Prices of 2015";"2021";" 1362475";"  772954";"  590029";"  459071";"  132965";" 1362475";"  685360";"  520133";"  323232";"  196697";"  162422";"  135406";"   27005";"    2899";"  678619";"  522520";"  157229"
"Prices of 2015";"2022 1st quarter*";"  340044";"  193630";"  146603";"  111681";"   35450";"  340044";"  172541";"  131295";"   83777";"   47482";"   40961";"   34551";"    6403";"     381";"  167789";"  127415";"   40882"
"Prices of 2015";"2022 2nd quarter*";"  360511";"  207149";"  153424";"  116330";"   37679";"  360511";"  183149";"  138114";"   86785";"   51305";"   44202";"   37845";"    6327";"     818";"  177896";"  131746";"   46549"
"Prices of 2015";"2022 3rd quarter*";"  352337";"  198002";"  154543";"  115253";"   39539";"  352337";"  175664";"  136200";"   87516";"   48671";"   38058";"   31611";"    6440";"    1441";"  177103";"  130870";"   46283"
"Prices of 2015";"2022 4th quarter*";"  365775";"  207629";"  158155";"  124313";"   34301";"  365775";"  179776";"  138666";"   86330";"   52311";"   42110";"   35536";"    6553";"   -1013";"  186456";"  144351";"   42278"
"Prices of 2015";"2022*";" 1418665";"  806415";"  612704";"  467532";"  146976";" 1418665";"  711114";"  544265";"  344414";"  199765";"  165332";"  139545";"   25722";"    1618";"  709231";"  534314";"  175977"
"Prices of 2015";"2023 1st quarter*";"  348961";"  197186";"  151859";"  115930";"   36450";"  348961";"  176001";"  134727";"   85923";"   48767";"   43438";"   37118";"    6294";"   -2009";"  173197";"  132191";"   41452"
"Prices of 2015";"2023 2nd quarter*";"  361824";"  206848";"  154949";"  117667";"   37848";"  361824";"  184978";"  140015";"   87108";"   52872";"   45564";"   39048";"    6484";"    -567";"  177427";"  131869";"   45898"
"Prices of 2015";"2023 3rd quarter*";"  344678";"  196434";"  148690";"  109764";"   39314";"  344678";"  174900";"  137542";"   86538";"   50968";"   38623";"   31938";"    6681";"   -1118";"  170334";"  125485";"   44947"
"Prices of 2015";"2023 4th quarter*";"  358810";"  206850";"  152256";"  118697";"   34110";"  358810";"  182235";"  140548";"   86235";"   54270";"   40938";"   34223";"    6705";"     615";"  177420";"  136337";"   41376"
"Prices of 2015";"2023*";" 1414293";"  807350";"  607683";"  461960";"  147727";" 1414293";"  718080";"  552832";"  345835";"  206875";"  168575";"  142342";"   26165";"   -3073";"  698354";"  525775";"  173665"
"Prices of 2015";"2024 1st quarter*";"  342098";"  195724";"  146384";"  110176";"   36657";"  342098";"  176354";"  137295";"   86847";"   50442";"   41762";"       .";"       .";"   -2614";"  165917";"  124255";"   42148"
"Current prices";"1995 1st quarter";"  120676";"   79959";"   40717";"   32936";"    7781";"  120676";"   73774";"   56810";"   39358";"   17452";"   16566";"   13849";"    2717";"     398";"   46902";"   38088";"    8814"
"Current prices";"1995 2nd quarter";"  123656";"   81711";"   41945";"   32528";"    9417";"  123656";"   76201";"   59913";"   40498";"   19415";"   18026";"   15069";"    2957";"   -1738";"   47455";"   37834";"    9621"
"Current prices";"1995 3rd quarter";"  121786";"   81551";"   40235";"   30173";"   10062";"  121786";"   76018";"   58854";"   41365";"   17489";"   15470";"   12655";"    2815";"    1694";"   45768";"   35306";"   10462"
"Current prices";"1995 4th quarter";"  130172";"   86326";"   43846";"   33604";"   10242";"  130172";"   81727";"   60538";"   40990";"   19548";"   18910";"   15290";"    3620";"    2279";"   48445";"   37639";"   10806"
"Current prices";"1995";"  496290";"  329547";"  166743";"  129241";"   37502";"  496290";"  307720";"  236115";"  162211";"   73904";"   68972";"   56863";"   12109";"    2633";"  188570";"  148867";"   39703"
"Current prices";"1996 1st quarter";"  125397";"   82878";"   42519";"   34165";"    8354";"  125397";"   76691";"   59238";"   41865";"   17373";"   16519";"   13920";"    2599";"     934";"   48706";"   39172";"    9534"
"Current prices";"1996 2nd quarter";"  129354";"   86168";"   43186";"   33023";"   10163";"  129354";"   81292";"   62404";"   43032";"   19372";"   19354";"   16079";"    3275";"    -466";"   48062";"   37676";"   10386"
"Current prices";"1996 3rd quarter";"  128566";"   85184";"   43382";"   32742";"   10640";"  128566";"   79821";"   61102";"   43690";"   17412";"   17538";"   14281";"    3257";"    1181";"   48745";"   37459";"   11286"
"Current prices";"1996 4th quarter";"  138254";"   90395";"   47859";"   36691";"   11168";"  138254";"   85992";"   63300";"   43795";"   19505";"   20929";"   16886";"    4043";"    1763";"   52262";"   40547";"   11715"
"Current prices";"1996";"  521571";"  344625";"  176946";"  136621";"   40325";"  521571";"  323796";"  246044";"  172382";"   73662";"   74340";"   61166";"   13174";"    3412";"  197775";"  154854";"   42921"
"Current prices";"1997 1st quarter";"  134501";"   87870";"   46631";"   37287";"    9344";"  134501";"   82180";"   62657";"   44382";"   18275";"   19061";"   16322";"    2739";"     462";"   52321";"   41661";"   10660"
"Current prices";"1997 2nd quarter";"  141420";"   92123";"   49297";"   37534";"   11763";"  141420";"   86802";"   66199";"   45838";"   20361";"   21112";"   17812";"    3300";"    -509";"   54618";"   42802";"   11816"
"Current prices";"1997 3rd quarter";"  141249";"   91152";"   50097";"   37603";"   12494";"  141249";"   85251";"   64971";"   46676";"   18295";"   18589";"   15243";"    3346";"    1691";"   55998";"   42821";"   13177"
"Current prices";"1997 4th quarter";"  151090";"   97901";"   53189";"   40024";"   13165";"  151090";"   91271";"   67376";"   46840";"   20536";"   21253";"   17350";"    3903";"    2642";"   59819";"   45885";"   13934"
"Current prices";"1997";"  568260";"  369046";"  199214";"  152448";"   46766";"  568260";"  345504";"  261203";"  183736";"   77467";"   80015";"   66727";"   13288";"    4286";"  222756";"  173169";"   49587"
"Current prices";"1998 1st quarter";"  147263";"   95497";"   51766";"   40716";"   11050";"  147263";"   90045";"   66962";"   47569";"   19393";"   21103";"   18018";"    3085";"    1980";"   57218";"   45356";"   11862"
"Current prices";"1998 2nd quarter";"  150521";"   98541";"   51980";"   38828";"   13152";"  150521";"   92413";"   70921";"   49370";"   21551";"   21711";"   18381";"    3330";"    -219";"   58108";"   45064";"   13044"
"Current prices";"1998 3rd quarter";"  148729";"   97016";"   51713";"   38136";"   13577";"  148729";"   91224";"   69780";"   50358";"   19422";"   20293";"   16922";"    3371";"    1151";"   57505";"   43787";"   13718"
"Current prices";"1998 4th quarter";"  157593";"  103241";"   54352";"   40582";"   13770";"  157593";"   96448";"   72001";"   50245";"   21756";"   23031";"   18976";"    4055";"    1416";"   61145";"   46641";"   14504"
"Current prices";"1998";"  604106";"  394295";"  209811";"  158262";"   51549";"  604106";"  370130";"  279664";"  197542";"   82122";"   86138";"   72297";"   13841";"    4328";"  233976";"  180848";"   53128"
"Current prices";"1999 1st quarter";"  153321";"  101009";"   52312";"   40145";"   12167";"  153321";"   94676";"   71913";"   51520";"   20393";"   23179";"   19681";"    3498";"    -416";"   58645";"   45608";"   13037"
"Current prices";"1999 2nd quarter";"  160149";"  104536";"   55613";"   40553";"   15060";"  160149";"   98639";"   76002";"   53339";"   22663";"   23992";"   20148";"    3844";"   -1355";"   61510";"   47108";"   14402"
"Current prices";"1999 3rd quarter";"  160462";"  102986";"   57476";"   42016";"   15460";"  160462";"   98466";"   74614";"   54188";"   20426";"   22567";"   18639";"    3928";"    1285";"   61996";"   46839";"   15157"
"Current prices";"1999 4th quarter";"  174119";"  110928";"   63191";"   46898";"   16293";"  174119";"  104993";"   76860";"   53959";"   22901";"   26392";"   21879";"    4513";"    1741";"   69126";"   52622";"   16504"
"Current prices";"1999";"  648051";"  419459";"  228592";"  169612";"   58980";"  648051";"  396774";"  299389";"  213006";"   86383";"   96130";"   80347";"   15783";"    1255";"  251277";"  192177";"   59100"
"Current prices";"2000 1st quarter";"  171892";"  109154";"   62738";"   49311";"   13427";"  171892";"  102635";"   77614";"   55668";"   21946";"   24785";"   21077";"    3708";"     236";"   69257";"   54930";"   14327"
"Current prices";"2000 2nd quarter";"  179376";"  113124";"   66252";"   49622";"   16630";"  179376";"  106665";"   81349";"   56982";"   24367";"   26286";"   22245";"    4041";"    -970";"   72711";"   56703";"   16008"
"Current prices";"2000 3rd quarter";"  177590";"  110955";"   66635";"   49874";"   16761";"  177590";"  103343";"   79339";"   57369";"   21970";"   23585";"   19566";"    4019";"     419";"   74247";"   57516";"   16731"
"Current prices";"2000 4th quarter";"  192042";"  118774";"   73268";"   55166";"   18102";"  192042";"  109782";"   82104";"   57477";"   24627";"   27200";"   22032";"    5168";"     478";"   82260";"   63927";"   18333"
"Current prices";"2000";"  720900";"  452007";"  268893";"  203973";"   64920";"  720900";"  422425";"  320406";"  227496";"   92910";"  101856";"   84920";"   16936";"     163";"  298475";"  233076";"   65399"
"Current prices";"2001 1st quarter";"  186219";"  118182";"   68037";"   52826";"   15211";"  186219";"  109525";"   82245";"   58332";"   23913";"   26177";"   21963";"    4214";"    1103";"   76694";"   61114";"   15580"
"Current prices";"2001 2nd quarter";"  190670";"  121417";"   69253";"   50789";"   18464";"  190670";"  113921";"   86687";"   60196";"   26491";"   27698";"   23244";"    4454";"    -464";"   76749";"   59320";"   17429"
"Current prices";"2001 3rd quarter";"  185206";"  117448";"   67758";"   49731";"   18027";"  185206";"  110713";"   84252";"   60281";"   23971";"   24553";"   19978";"    4575";"    1908";"   74493";"   56732";"   17761"
"Current prices";"2001 4th quarter";"  193207";"  124834";"   68373";"   49955";"   18418";"  193207";"  116120";"   87620";"   60835";"   26785";"   28278";"   22760";"    5518";"     222";"   77087";"   58281";"   18806"
"Current prices";"2001";"  755302";"  481881";"  273421";"  203301";"   70120";"  755302";"  450279";"  340804";"  239644";"  101160";"  106706";"   87945";"   18761";"    2769";"  305023";"  235447";"   69576"
"Current prices";"2002 1st quarter";"  186629";"  122569";"   64060";"   48145";"   15915";"  186629";"  114127";"   87519";"   61286";"   26233";"   26882";"   22146";"    4736";"    -274";"   72502";"   56332";"   16170"
"Current prices";"2002 2nd quarter";"  193695";"  126495";"   67200";"   47952";"   19248";"  193695";"  118453";"   91924";"   62959";"   28965";"   27735";"   22622";"    5113";"   -1206";"   75242";"   57252";"   17990"
"Current prices";"2002 3rd quarter";"  189219";"  122746";"   66473";"   47386";"   19087";"  189219";"  114552";"   89527";"   63243";"   26284";"   24441";"   19370";"    5071";"     584";"   74667";"   56350";"   18317"
"Current prices";"2002 4th quarter";"  198745";"  129327";"   69418";"   49893";"   19525";"  198745";"  119730";"   92610";"   63225";"   29385";"   26599";"   20573";"    6026";"     521";"   79015";"   59503";"   19512"
"Current prices";"2002";"  768288";"  501137";"  267151";"  193376";"   73775";"  768288";"  466862";"  361580";"  250713";"  110867";"  105657";"   84711";"   20946";"    -375";"  301426";"  229437";"   71989"
"Current prices";"2003 1st quarter";"  192343";"  126435";"   65908";"   49564";"   16344";"  192343";"  117178";"   90988";"   63209";"   27779";"   26063";"   21112";"    4951";"     127";"   75165";"   58657";"   16508"
"Current prices";"2003 2nd quarter";"  195859";"  129110";"   66749";"   47285";"   19464";"  195859";"  121149";"   95020";"   64409";"   30611";"   27247";"   21990";"    5257";"   -1118";"   74710";"   56544";"   18166"
"Current prices";"2003 3rd quarter";"  190887";"  124858";"   66029";"   46642";"   19387";"  190887";"  116887";"   92310";"   64416";"   27894";"   24375";"   18857";"    5518";"     202";"   74000";"   55772";"   18228"
"Current prices";"2003 4th quarter";"  203643";"  132407";"   71236";"   51137";"   20099";"  203643";"  123503";"   95334";"   64180";"   31154";"   27951";"   21910";"    6041";"     218";"   80140";"   60455";"   19685"
"Current prices";"2003";"  782732";"  512810";"  269922";"  194628";"   75294";"  782732";"  478717";"  373652";"  256214";"  117438";"  105636";"   83869";"   21767";"    -571";"  304015";"  231428";"   72587"
"Current prices";"2004 1st quarter";"  195123";"  129524";"   65599";"   50266";"   15333";"  195123";"  119359";"   92531";"   64370";"   28161";"   26959";"   21904";"    5055";"    -131";"   75764";"   59607";"   16157"
"Current prices";"2004 2nd quarter";"  205613";"  133599";"   72014";"   52429";"   19585";"  205613";"  123492";"   96979";"   65929";"   31050";"   27851";"   22794";"    5057";"   -1338";"   82121";"   63597";"   18524"
"Current prices";"2004 3rd quarter";"  202278";"  129034";"   73244";"   53788";"   19456";"  202278";"  119548";"   94353";"   66029";"   28324";"   24632";"   19621";"    5011";"     563";"   82730";"   64179";"   18551"
"Current prices";"2004 4th quarter";"  217032";"  137129";"   79903";"   57537";"   22366";"  217032";"  125921";"   96899";"   65305";"   31594";"   27962";"   22305";"    5657";"    1060";"   91111";"   68954";"   22157"
"Current prices";"2004";"  820046";"  529286";"  290760";"  214020";"   76740";"  820046";"  488320";"  380762";"  261633";"  119129";"  107404";"   86624";"   20780";"     154";"  331726";"  256337";"   75389"
"Current prices";"2005 1st quarter";"  205739";"  133745";"   71994";"   54995";"   16999";"  205739";"  121420";"   94266";"   65246";"   29020";"   27262";"   22424";"    4838";"    -108";"   84319";"   66321";"   17998"
"Current prices";"2005 2nd quarter";"  217899";"  139040";"   78859";"   57494";"   21365";"  217899";"  127724";"   99377";"   67431";"   31946";"   29242";"   24199";"    5043";"    -895";"   90175";"   69984";"   20191"
"Current prices";"2005 3rd quarter";"  213947";"  134684";"   79263";"   58416";"   20847";"  213947";"  124234";"   97504";"   68266";"   29238";"   26809";"   21741";"    5068";"     -79";"   89713";"   69987";"   19726"
"Current prices";"2005 4th quarter";"  228263";"  143414";"   84849";"   62984";"   21865";"  228263";"  130914";"  100467";"   67936";"   32531";"   29141";"   23476";"    5665";"    1306";"   97349";"   75388";"   21961"
"Current prices";"2005";"  865848";"  550883";"  314965";"  233889";"   81076";"  865848";"  504292";"  391614";"  268879";"  122735";"  112454";"   91840";"   20614";"     224";"  361556";"  281680";"   79876"
"Current prices";"2006 1st quarter";"  224478";"  142446";"   82032";"   64217";"   17815";"  224478";"  128453";"   99231";"   67176";"   32055";"   28981";"   23630";"    5351";"     241";"   96025";"   76694";"   19331"
"Current prices";"2006 2nd quarter";"  234773";"  147405";"   87368";"   65911";"   21457";"  234773";"  134967";"  104830";"   69719";"   35111";"   31283";"   25593";"    5690";"   -1146";"   99806";"   78635";"   21171"
"Current prices";"2006 3rd quarter";"  228830";"  142476";"   86354";"   65078";"   21276";"  228830";"  131512";"  102397";"   69969";"   32428";"   29318";"   23791";"    5527";"    -203";"   97318";"   76961";"   20357"
"Current prices";"2006 4th quarter";"  244802";"  152219";"   92583";"   69025";"   23558";"  244802";"  139401";"  104982";"   69025";"   35957";"   33412";"   27090";"    6322";"    1007";"  105401";"   82640";"   22761"
"Current prices";"2006";"  932883";"  584546";"  348337";"  264231";"   84106";"  932883";"  534333";"  411440";"  275889";"  135551";"  122994";"  100104";"   22890";"    -101";"  398550";"  314930";"   83620"
"Current prices";"2007 1st quarter";"  238550";"  151680";"   86870";"   68351";"   18519";"  238550";"  136564";"  103801";"   69655";"   34146";"   33179";"   27536";"    5643";"    -416";"  101986";"   81808";"   20178"
"Current prices";"2007 2nd quarter";"  248224";"  155664";"   92560";"   70159";"   22401";"  248224";"  142697";"  109260";"   71931";"   37329";"   34112";"   28195";"    5917";"    -675";"  105527";"   82566";"   22961"
"Current prices";"2007 3rd quarter";"  243757";"  150806";"   92951";"   70594";"   22357";"  243757";"  139615";"  106793";"   72477";"   34316";"   31829";"   26156";"    5673";"     993";"  104142";"   82405";"   21737"
"Current prices";"2007 4th quarter";"  270558";"  161020";"  109538";"   74319";"   35219";"  270558";"  156376";"  110825";"   72755";"   38070";"   45106";"   38608";"    6498";"     445";"  114182";"   89598";"   24584"
"Current prices";"2007";" 1001089";"  619170";"  381919";"  283423";"   98496";" 1001089";"  575252";"  430679";"  286818";"  143861";"  144226";"  120495";"   23731";"     347";"  425837";"  336377";"   89460"
"Current prices";"2008 1st quarter";"  256688";"  159551";"   97137";"   76187";"   20950";"  256688";"  143603";"  108537";"   72489";"   36048";"   35491";"   28929";"    6562";"    -425";"  113085";"   89767";"   23318"
"Current prices";"2008 2nd quarter";"  265844";"  164065";"  101779";"   77015";"   24764";"  265844";"  150843";"  114444";"   75046";"   39398";"   37528";"   30832";"    6696";"   -1129";"  115001";"   90023";"   24978"
"Current prices";"2008 3rd quarter";"  259733";"  158554";"  101179";"   77298";"   23881";"  259733";"  146574";"  111108";"   74828";"   36280";"   34184";"   28331";"    5853";"    1282";"  113159";"   89674";"   23485"
"Current prices";"2008 4th quarter";"  261447";"  165028";"   96419";"   71501";"   24918";"  261447";"  150989";"  113395";"   73070";"   40325";"   35938";"   29463";"    6475";"    1656";"  110458";"   84738";"   25720"
"Current prices";"2008";" 1043712";"  647198";"  396514";"  302001";"   94513";" 1043712";"  592009";"  447484";"  295433";"  152051";"  143141";"  117555";"   25586";"    1384";"  451703";"  354202";"   97501"
"Current prices";"2009 1st quarter";"  239710";"  156165";"   83545";"   61634";"   21911";"  239710";"  143803";"  109419";"   70937";"   38482";"   34808";"   28139";"    6669";"    -424";"   95907";"   72443";"   23464"
"Current prices";"2009 2nd quarter";"  240586";"  157462";"   83124";"   58283";"   24841";"  240586";"  146667";"  113699";"   71575";"   42124";"   35271";"   28384";"    6887";"   -2303";"   93919";"   69052";"   24867"
"Current prices";"2009 3rd quarter";"  235695";"  151694";"   84001";"   59870";"   24131";"  235695";"  140773";"  110645";"   71868";"   38777";"   31103";"   24491";"    6612";"    -975";"   94922";"   72094";"   22828"
"Current prices";"2009 4th quarter";"  250343";"  159521";"   90822";"   65173";"   25649";"  250343";"  146208";"  114213";"   71152";"   43061";"   31946";"   25138";"    6808";"      49";"  104135";"   78793";"   25342"
"Current prices";"2009";"  966334";"  624842";"  341492";"  244960";"   96532";"  966334";"  577451";"  447976";"  285532";"  162444";"  133128";"  106152";"   26976";"   -3653";"  388883";"  292382";"   96501"
"Current prices";"2010 1st quarter";"  246326";"  155314";"   91012";"   68163";"   22849";"  246326";"  141939";"  110551";"   70816";"   39735";"   31315";"   24896";"    6419";"      73";"  104387";"   80229";"   24158"
"Current prices";"2010 2nd quarter";"  262244";"  162424";"   99820";"   73931";"   25889";"  262244";"  151946";"  116273";"   72781";"   43492";"   33866";"   26870";"    6996";"    1807";"  110298";"   84168";"   26130"
"Current prices";"2010 3rd quarter";"  254591";"  156421";"   98170";"   71811";"   26359";"  254591";"  144164";"  113602";"   73542";"   40060";"   29340";"   22930";"    6410";"    1222";"  110427";"   85156";"   25271"
"Current prices";"2010 4th quarter";"  270522";"  165028";"  105494";"   78673";"   26821";"  270522";"  149458";"  117827";"   73370";"   44457";"   31377";"   24518";"    6859";"     254";"  121064";"   93439";"   27625"
"Current prices";"2010";" 1033683";"  639187";"  394496";"  292578";"  101918";" 1033683";"  587507";"  458253";"  290509";"  167744";"  125898";"   99214";"   26684";"    3356";"  446176";"  342992";"  103184"
"Current prices";"2011 1st quarter";"  267426";"  160242";"  107184";"   82050";"   25134";"  267426";"  145933";"  112553";"   72716";"   39837";"   33990";"   27134";"    6856";"    -610";"  121493";"   95632";"   25861"
"Current prices";"2011 2nd quarter";"  274800";"  165292";"  109508";"   82281";"   27227";"  274800";"  152799";"  118452";"   74998";"   43454";"   34478";"   27623";"    6855";"    -131";"  122001";"   94634";"   27367"
"Current prices";"2011 3rd quarter";"  266877";"  158947";"  107930";"   79806";"   28124";"  266877";"  146273";"  115195";"   75074";"   40121";"   29956";"   23500";"    6456";"    1122";"  120604";"   93694";"   26910"
"Current prices";"2011 4th quarter";"  276793";"  165878";"  110915";"   82912";"   28003";"  276793";"  149850";"  118325";"   74031";"   44294";"   32541";"   26113";"    6428";"   -1016";"  126943";"   98072";"   28871"
"Current prices";"2011";" 1085896";"  650359";"  435537";"  327049";"  108488";" 1085896";"  594855";"  464525";"  296819";"  167706";"  130965";"  104370";"   26595";"    -635";"  491041";"  382032";"  109009"
"Current prices";"2012 1st quarter";"  272523";"  160917";"  111606";"   86630";"   24976";"  272523";"  144508";"  113756";"   73423";"   40333";"   31369";"   25486";"    5883";"    -617";"  128015";"  101688";"   26327"
"Current prices";"2012 2nd quarter";"  281502";"  166442";"  115060";"   87174";"   27886";"  281502";"  152642";"  119098";"   75049";"   44049";"   32801";"   26746";"    6055";"     743";"  128860";"   99742";"   29118"
"Current prices";"2012 3rd quarter";"  271163";"  158404";"  112759";"   83787";"   28972";"  271163";"  144670";"  115538";"   74987";"   40551";"   28132";"   21737";"    6395";"    1000";"  126493";"   98444";"   28049"
"Current prices";"2012 4th quarter";"  283320";"  167203";"  116117";"   87298";"   28819";"  283320";"  147558";"  118720";"   73708";"   45012";"   30203";"   23829";"    6374";"   -1365";"  135762";"  105753";"   30009"
"Current prices";"2012";" 1108508";"  652966";"  455542";"  344889";"  110653";" 1108508";"  589378";"  467112";"  297167";"  169945";"  122505";"   97798";"   24707";"    -239";"  519130";"  405627";"  113503"
"Current prices";"2013 1st quarter";"  272824";"  161409";"  111415";"   86031";"   25384";"  272824";"  141508";"  114732";"   73583";"   41149";"   28583";"   22755";"    5828";"   -1807";"  131316";"  103509";"   27807"
"Current prices";"2013 2nd quarter";"  282778";"  168105";"  114673";"   86537";"   28136";"  282778";"  152307";"  119685";"   75507";"   44178";"   30740";"   24566";"    6174";"    1882";"  130471";"  100882";"   29589"
"Current prices";"2013 3rd quarter";"  275676";"  161493";"  114183";"   83504";"   30679";"  275676";"  146504";"  116868";"   76128";"   40740";"   28253";"   22012";"    6241";"    1383";"  129172";"   99100";"   30072"
"Current prices";"2013 4th quarter";"  289322";"  169456";"  119866";"   86929";"   32937";"  289322";"  152700";"  119482";"   75223";"   44259";"   33661";"   27591";"    6070";"    -443";"  136622";"  104073";"   32549"
"Current prices";"2013";" 1120600";"  660463";"  460137";"  343001";"  117136";" 1120600";"  593019";"  470767";"  300441";"  170326";"  121237";"   96924";"   24313";"    1015";"  527581";"  407564";"  120017"
"Current prices";"2014 1st quarter";"  278052";"  164432";"  113620";"   86384";"   27236";"  278052";"  145113";"  115972";"   74454";"   41518";"   29315";"   23543";"    5772";"    -174";"  132939";"  102731";"   30208"
"Current prices";"2014 2nd quarter";"  286894";"  169898";"  116996";"   86976";"   30020";"  286894";"  152884";"  121187";"   76597";"   44590";"   30358";"   24330";"    6028";"    1339";"  134010";"  101177";"   32833"
"Current prices";"2014 3rd quarter";"  280819";"  163863";"  116956";"   84906";"   32050";"  280819";"  146660";"  118309";"   76910";"   41399";"   27041";"   21081";"    5960";"    1310";"  134159";"  100565";"   33594"
"Current prices";"2014 4th quarter";"  292367";"  173367";"  119000";"   86812";"   32188";"  292367";"  152346";"  121241";"   76283";"   44958";"   31424";"   25654";"    5770";"    -319";"  140021";"  104532";"   35489"
"Current prices";"2014";" 1138132";"  671560";"  466572";"  345078";"  121494";" 1138132";"  597003";"  476709";"  304244";"  172465";"  118138";"   94608";"   23530";"    2156";"  541129";"  409005";"  132124"
"Current prices";"2015 1st quarter";"  282325";"  166535";"  115790";"   85968";"   29822";"  282325";"  138674";"  116575";"   75211";"   41364";"   23422";"   17315";"    6107";"   -1323";"  143651";"  103627";"   40024"
"Current prices";"2015 2nd quarter";"  329019";"  175441";"  153578";"   89529";"   64049";"  329019";"  187897";"  122947";"   78540";"   44407";"   63450";"   57272";"    6178";"    1500";"  141122";"  104950";"   36172"
"Current prices";"2015 3rd quarter";"  292918";"  170501";"  122417";"   86694";"   35723";"  292918";"  152952";"  120900";"   79231";"   41669";"   30136";"   24030";"    6106";"    1916";"  139966";"  103128";"   36838"
"Current prices";"2015 4th quarter";"  304340";"  177531";"  126809";"   90735";"   36074";"  304340";"  158726";"  122748";"   77834";"   44914";"   35525";"   29336";"    6189";"     453";"  145614";"  106668";"   38946"
"Current prices";"2015";" 1208602";"  690008";"  518594";"  352926";"  165668";" 1208602";"  638249";"  483170";"  310816";"  172354";"  152533";"  127953";"   24580";"    2546";"  570353";"  418373";"  151980"
"Current prices";"2016 1st quarter";"  287701";"  171335";"  116366";"   84438";"   31928";"  287701";"  151692";"  118407";"   76766";"   41641";"   34839";"   28802";"    6037";"   -1554";"  136009";"  102024";"   33985"
"Current prices";"2016 2nd quarter";"  303225";"  179918";"  123307";"   89256";"   34051";"  303225";"  163265";"  124403";"   79216";"   45187";"   37253";"   31159";"    6094";"    1609";"  139960";"  104006";"   35954"
"Current prices";"2016 3rd quarter";"  296905";"  174235";"  122670";"   87478";"   35192";"  296905";"  157691";"  122488";"   80229";"   42259";"   33192";"   26972";"    6220";"    2011";"  139214";"  103598";"   35616"
"Current prices";"2016 4th quarter";"  311550";"  182849";"  128701";"   94024";"   34677";"  311550";"  163356";"  125585";"   79830";"   45755";"   36391";"   30046";"    6345";"    1380";"  148194";"  111271";"   36923"
"Current prices";"2016";" 1199381";"  708337";"  491044";"  355196";"  135848";" 1199381";"  636004";"  490883";"  316041";"  174842";"  141675";"  116979";"   24696";"    3446";"  563377";"  420899";"  142478"
"Current prices";"2017 1st quarter";"  308710";"  178225";"  130485";"   96554";"   33931";"  308710";"  156828";"  121929";"   79262";"   42667";"   36345";"   30239";"    6106";"   -1446";"  151882";"  116146";"   35736"
"Current prices";"2017 2nd quarter";"  320503";"  187838";"  132665";"   96362";"   36303";"  320503";"  168752";"  128618";"   82297";"   46321";"   38187";"   32210";"    5977";"    1947";"  151751";"  112648";"   39103"
"Current prices";"2017 3rd quarter";"  315121";"  181702";"  133419";"   95099";"   38320";"  315121";"  163934";"  127059";"   83773";"   43286";"   35533";"   29027";"    6506";"    1342";"  151187";"  112527";"   38660"
"Current prices";"2017 4th quarter";"  329975";"  190381";"  139594";"  100811";"   38783";"  329975";"  169242";"  129146";"   81929";"   47217";"   38605";"   31782";"    6823";"    1491";"  160733";"  119449";"   41284"
"Current prices";"2017";" 1274309";"  738146";"  536163";"  388826";"  147337";" 1274309";"  658756";"  506752";"  327261";"  179491";"  148670";"  123258";"   25412";"    3334";"  615553";"  460770";"  154783"
"Current prices";"2018 1st quarter";"  325992";"  188022";"  137970";"  100677";"   37293";"  325992";"  167143";"  128251";"   83063";"   45188";"   39311";"   33147";"    6164";"    -419";"  158849";"  119502";"   39347"
"Current prices";"2018 2nd quarter";"  339821";"  196711";"  143110";"  102579";"   40531";"  339821";"  177546";"  134027";"   86071";"   47956";"   41489";"   35131";"    6358";"    2030";"  162275";"  119345";"   42930"
"Current prices";"2018 3rd quarter";"  335407";"  190249";"  145158";"  103205";"   41953";"  335407";"  170722";"  132690";"   86988";"   45702";"   36085";"   29434";"    6651";"    1947";"  164685";"  120989";"   43696"
"Current prices";"2018 4th quarter";"  346599";"  199005";"  147594";"  106849";"   40745";"  346599";"  176969";"  135203";"   85438";"   49765";"   41208";"   33922";"    7286";"     558";"  169630";"  125085";"   44545"
"Current prices";"2018";" 1347819";"  773987";"  573832";"  413310";"  160522";" 1347819";"  692380";"  530171";"  341560";"  188611";"  158093";"  131634";"   26459";"    4116";"  655439";"  484921";"  170518"
"Current prices";"2019 1st quarter";"  339821";"  197454";"  142367";"  105418";"   36949";"  339821";"  177020";"  133925";"   85908";"   48017";"   42240";"   35478";"    6762";"     855";"  162801";"  121491";"   41310"
"Current prices";"2019 2nd quarter";"  356348";"  207309";"  149039";"  107290";"   41749";"  356348";"  187739";"  140230";"   89087";"   51143";"   45057";"   38123";"    6934";"    2452";"  168609";"  121386";"   47223"
"Current prices";"2019 3rd quarter";"  349043";"  199813";"  149230";"  106418";"   42812";"  349043";"  182191";"  138464";"   89868";"   48596";"   41171";"   34301";"    6870";"    2556";"  166852";"  120654";"   46198"
"Current prices";"2019 4th quarter";"  359202";"  208479";"  150723";"  111057";"   39666";"  359202";"  186387";"  141062";"   88684";"   52378";"   44340";"   37328";"    7012";"     985";"  172815";"  126756";"   46059"
"Current prices";"2019";" 1404414";"  813055";"  591359";"  430183";"  161176";" 1404414";"  733337";"  553681";"  353547";"  200134";"  172808";"  145230";"   27578";"    6848";"  671077";"  490287";"  180790"
"Current prices";"2020 1st quarter";"  341512";"  200600";"  140912";"  102681";"   38231";"  341512";"  180120";"  136018";"   86041";"   49977";"   45406";"   38467";"    6939";"   -1304";"  161392";"  118544";"   42848"
"Current prices";"2020 2nd quarter";"  316410";"  191986";"  124424";"   89780";"   34644";"  316410";"  174658";"  130606";"   79009";"   51597";"   42642";"   35444";"    7198";"    1410";"  141752";"  101873";"   39879"
"Current prices";"2020 3rd quarter";"  332944";"  197099";"  135845";"   98756";"   37089";"  332944";"  177909";"  137280";"   86281";"   50999";"   40107";"   33038";"    7069";"     522";"  155035";"  114195";"   40840"
"Current prices";"2020 4th quarter";"  348868";"  206845";"  142023";"  106261";"   35762";"  348868";"  183639";"  139125";"   84159";"   54966";"   44782";"   36713";"    8069";"    -268";"  165229";"  124584";"   40645"
"Current prices";"2020";" 1339734";"  796530";"  543204";"  397478";"  145726";" 1339734";"  716326";"  543029";"  335490";"  207539";"  172937";"  143662";"   29275";"     360";"  623408";"  459196";"  164212"
"Current prices";"2021 1st quarter*";"  344111";"  203160";"  140951";"  107812";"   33139";"  344111";"  179574";"  133969";"   81629";"   52340";"   46001";"   38687";"    7314";"    -396";"  164537";"  127264";"   37273"
"Current prices";"2021 2nd quarter*";"  374486";"  220430";"  154056";"  118649";"   35407";"  374486";"  196343";"  147493";"   90657";"   56836";"   48094";"   40673";"    7421";"     756";"  178143";"  135732";"   42411"
"Current prices";"2021 3rd quarter*";"  382913";"  217899";"  165014";"  124277";"   40737";"  382913";"  195726";"  149796";"   94792";"   55004";"   42688";"   35392";"    7296";"    3242";"  187187";"  140942";"   46245"
"Current prices";"2021 4th quarter*";"  403308";"  229098";"  174210";"  137597";"   36613";"  403308";"  200966";"  153891";"   93832";"   60059";"   47622";"   39767";"    7855";"    -547";"  202342";"  157566";"   44776"
"Current prices";"2021";" 1504818";"  870587";"  634231";"  488335";"  145896";" 1504818";"  772609";"  585149";"  360910";"  224239";"  184405";"  154519";"   29886";"    3055";"  732209";"  561504";"  170705"
"Current prices";"2022 1st quarter*";"  402685";"  226933";"  175752";"  135240";"   40512";"  402685";"  200597";"  151883";"   95210";"   56673";"   48782";"   41426";"    7356";"     -68";"  202088";"  156076";"   46012"
"Current prices";"2022 2nd quarter*";"  444566";"  241615";"  202951";"  159014";"   43937";"  444566";"  218517";"  161864";"  101641";"   60223";"   52985";"   45633";"    7352";"    3668";"  226049";"  172547";"   53502"
"Current prices";"2022 3rd quarter*";"  444337";"  238450";"  205887";"  158440";"   47447";"  444337";"  215658";"  164414";"  105368";"   59046";"   46202";"   38597";"    7605";"    5042";"  228679";"  174321";"   54358"
"Current prices";"2022 4th quarter*";"  462169";"  251551";"  210618";"  168638";"   41980";"  462169";"  220324";"  173412";"  108854";"   64558";"   51899";"   43953";"    7946";"   -4987";"  241845";"  191953";"   49892"
"Current prices";"2022*";" 1753757";"  958549";"  795208";"  621332";"  173876";" 1753757";"  855096";"  651573";"  411073";"  240500";"  199868";"  169609";"   30259";"    3655";"  898661";"  694897";"  203764"
"Current prices";"2023 1st quarter*";"  442941";"  249558";"  193383";"  147166";"   46217";"  442941";"  221497";"  171603";"  110485";"   61118";"   53963";"   46377";"    7586";"   -4069";"  221444";"  171287";"   50157"
"Current prices";"2023 2nd quarter*";"  458851";"  262920";"  195931";"  147987";"   47944";"  458851";"  235922";"  178097";"  112647";"   65450";"   56911";"   49034";"    7877";"     914";"  222929";"  166211";"   56718"
"Current prices";"2023 3rd quarter*";"  440277";"  255242";"  185035";"  134901";"   50134";"  440277";"  227690";"  178660";"  113363";"   65297";"   48782";"   40514";"    8268";"     248";"  212587";"  157111";"   55476"
"Current prices";"2023 4th quarter*";"  455736";"  266366";"  189370";"  145524";"   43846";"  455736";"  234096";"  183108";"  113378";"   69730";"   52263";"   43918";"    8345";"   -1275";"  221640";"  170394";"   51246"
"Current prices";"2023*";" 1797805";" 1034086";"  763719";"  575578";"  188141";" 1797805";"  919205";"  711468";"  449873";"  261595";"  211919";"  179843";"   32076";"   -4182";"  878600";"  665003";"  213597"
"Current prices";"2024 1st quarter*";"  442984";"  265093";"  177891";"  130130";"   47761";"  442984";"  233162";"  182445";"  115504";"   66941";"   54496";"       .";"       .";"   -3779";"  209822";"  156564";"   53258"
